Constituency,Latitude,Longitude,Postcodes,Active Postcodes,Population,Households,Code
"Aldershot",51.2775,-0.762801,3725,2519,103938,40200,E14000530
"Aldridge-Brownhills",52.614201,-1.9279,1998,1632,76985,32233,E14000531
"Altrincham and Sale West",53.394199,-2.34209,4459,2961,96434,39871,E14000532
"Amber Valley",53.047901,-1.38868,3152,1906,87947,37861,E14000533
"Arundel and South Downs",50.912498,-0.415972,5007,3483,97256,41525,E14000534
"Ashfield",53.090698,-1.2749,2817,2259,101909,43408,E14000535
"Ashford",51.1367,0.831651,5397,3568,112907,45763,E14000536
"Ashton-under-Lyne",53.4916,-2.12123,3815,2504,90851,39065,E14000537
"Aylesbury",51.7868,-0.803466,5161,3114,107947,43009,E14000538
"Banbury",51.984901,-1.26355,7662,3917,117914,47033,E14000539
"Barking",51.540298,0.109012,2698,1875,122539,45253,E14000540
"Barnsley Central",53.566002,-1.48161,3312,2506,85745,37912,E14000541
"Barnsley East",53.535999,-1.41953,2866,2533,90363,38970,E14000542
"Barrow and Furness",54.1474,-3.18544,3512,2925,88830,40164,E14000543
"Basildon and Billericay",51.594299,0.442362,3446,2251,89675,37399,E14000544
"Basingstoke",51.268501,-1.0931,4886,2610,108017,44703,E14000545
"Bassetlaw",53.338902,-1.03731,4089,3287,103820,44012,E14000546
"Bath",51.380699,-2.36473,4148,2631,88847,37692,E14000547
"Batley and Spen",53.719101,-1.67558,3819,3015,108094,43659,E14000548
"Battersea",51.467701,-0.156912,4737,2865,106560,47982,E14000549
"Beaconsfield",51.568298,-0.637085,5166,3501,99329,40316,E14000550
"Beckenham",51.3927,-0.010501,3120,1992,86930,36673,E14000551
"Bedford",52.135399,-0.467021,4303,2646,101049,41053,E14000552
"Bermondsey and Old Southwark",51.495701,-0.079357,6985,4105,126567,55117,E14000553
"Berwick-upon-Tweed",55.442001,-1.80098,4319,3728,75676,33486,E14000554
"Bethnal Green and Bow",51.524799,-0.054335,5305,2673,125310,48557,E14000555
"Beverley and Holderness",53.814602,-0.280343,3607,2917,99757,42953,E14000556
"Bexhill and Battle",50.904999,0.416028,4915,3578,100826,44625,E14000557
"Bexleyheath and Crayford",51.463501,0.154158,2656,1742,87714,35056,E14000558
"Birkenhead",53.385201,-3.039,6080,2389,88913,40063,E14000559
"Birmingham, Edgbaston",52.456902,-1.96476,2957,2066,96902,39872,E14000560
"Birmingham, Erdington",52.525501,-1.83699,2723,1931,97748,40988,E14000561
"Birmingham, Hall Green",52.445,-1.86812,2827,1902,115436,38953,E14000562
"Birmingham, Hodge Hill",52.488602,-1.81469,2184,1733,121571,39444,E14000563
"Birmingham, Ladywood",52.484798,-1.90092,8550,3946,126527,47720,E14000564
"Birmingham, Northfield",52.406898,-1.97073,2722,2105,101059,43063,E14000565
"Birmingham, Perry Barr",52.5228,-1.91056,2810,1753,107705,38085,E14000566
"Birmingham, Selly Oak",52.424702,-1.90961,2941,1860,104276,41209,E14000567
"Birmingham, Yardley",52.4603,-1.81335,2548,1891,106702,41481,E14000568
"Bishop Auckland",54.634701,-1.74496,3992,3180,87129,39049,E14000569
"Blackburn",53.745701,-2.48453,3430,2156,107332,40191,E14000570
"Blackley and Broughton",53.5112,-2.23336,6183,3088,111131,45675,E14000571
"Blackpool North and Cleveleys",53.853401,-3.0341,2533,1992,83571,38134,E14000572
"Blackpool South",53.804901,-3.03906,3241,2104,81074,36460,E14000573
"Blaydon",54.939602,-1.69494,3490,2702,88203,38738,E14000574
"Blyth Valley",55.1003,-1.54894,3041,2228,82174,36049,E14000575
"Bognor Regis and Littlehampton",50.795399,-0.644149,3825,3085,98458,43467,E14000576
"Bolsover",53.197399,-1.30148,2975,2449,94306,40853,E14000577
"Bolton North East",53.592201,-2.42182,3783,2529,95235,41163,E14000578
"Bolton South East",53.557701,-2.41737,3146,2419,101628,41341,E14000579
"Bolton West",53.569302,-2.51136,3516,2614,94792,40505,E14000580
"Bootle",53.468201,-2.99633,3615,2509,98571,42610,E14000581
"Boston and Skegness",53.033901,0.081107,4253,3451,101638,43786,E14000582
"Bosworth",52.580399,-1.35824,3278,2357,98372,42586,E14000583
"Bournemouth East",50.734299,-1.84432,3862,2415,102132,45850,E14000584
"Bournemouth West",50.7388,-1.896,4086,2545,98968,43813,E14000585
"Bracknell",51.3885,-0.782366,6076,2477,104861,42066,E14000586
"Bradford East",53.802299,-1.73906,4394,2772,114701,40648,E14000587
"Bradford South",53.765202,-1.77514,3228,2732,100807,40489,E14000588
"Bradford West",53.798599,-1.78414,4419,2687,114955,37043,E14000589
"Braintree",51.915798,0.57333,4826,2938,97870,40485,E14000590
"Brent Central",51.547901,-0.248998,4288,2525,137290,50072,E14000591
"Brent North",51.563499,-0.29421,4045,2315,128566,40912,E14000592
"Brentford and Isleworth",51.479,-0.316111,5707,2916,128559,51082,E14000593
"Brentwood and Ongar",51.6479,0.295731,4012,2835,92969,38632,E14000594
"Bridgwater and West Somerset",51.142799,-3.18091,4986,4181,106448,45978,E14000595
"Brigg and Goole",53.621498,-0.748918,3365,2720,86694,36873,E14000596
"Brighton, Kemptown",50.8125,-0.061682,3264,1824,91588,40129,E14000597
"Brighton, Pavilion",50.833801,-0.139089,4277,1959,103532,44702,E14000598
"Bristol East",51.460098,-2.53642,2998,2384,95507,41115,E14000599
"Bristol North West",51.494499,-2.62643,3302,2647,100809,41590,E14000600
"Bristol South",51.427299,-2.59665,3146,2643,107298,46285,E14000601
"Bristol West",51.4599,-2.58687,7731,3869,124682,53780,E14000602
"Broadland",52.730301,1.20859,3974,3447,95171,40464,E14000603
"Bromley and Chislehurst",51.408901,0.037815,3490,2152,88621,37016,E14000604
"Bromsgrove",52.355999,-2.02971,3398,2830,93615,38265,E14000605
"Broxbourne",51.723301,-0.035045,3927,2587,98699,39719,E14000606
"Broxtowe",52.9412,-1.23737,2763,2189,95014,40539,E14000607
"Buckingham",51.8787,-0.889434,4692,3539,97150,38820,E14000608
"Burnley",53.791801,-2.25066,3403,2346,87000,37528,E14000609
"Burton",52.840302,-1.7009,3315,2490,102716,42694,E14000610
"Bury North",53.604301,-2.30971,3394,2433,87485,36925,E14000611
"Bury South",53.547401,-2.29907,5093,2516,97560,41183,E14000612
"Bury St Edmunds",52.232899,0.846268,4628,3619,113668,47924,E14000613
"Calder Valley",53.709099,-1.92819,4899,3995,103169,45903,E14000614
"Camberwell and Peckham",51.473598,-0.076861,3844,2318,125151,50408,E14000615
"Camborne and Redruth",50.208,-5.24961,3982,3123,85538,36259,E14000616
"Cambridge",52.204399,0.136887,5418,2596,114697,43264,E14000617
"Cannock Chase",52.7075,-1.99402,3910,2194,97473,40671,E14000618
"Canterbury",51.297901,1.07384,4497,3279,109253,43060,E14000619
"Carlisle",54.8871,-2.93626,3366,2532,85996,39002,E14000620
"Carshalton and Wallington",51.364101,-0.155256,2723,1867,95278,38396,E14000621
"Castle Point",51.545799,0.583075,2701,2024,87920,36395,E14000622
"Central Devon",50.717701,-3.73789,4799,4162,88963,37953,E14000623
"Central Suffolk and North Ipswich",52.166698,1.20931,4376,3806,98946,40752,E14000624
"Charnwood",52.683201,-1.13323,3010,2186,94584,38968,E14000625
"Chatham and Aylesford",51.3372,0.492111,2745,2095,97360,39209,E14000626
"Cheadle",53.3764,-2.18838,3236,2138,91296,37666,E14000627
"Chelmsford",51.735298,0.480012,4060,2346,105461,44200,E14000628
"Chelsea and Fulham",51.482498,-0.186224,5191,2915,105690,49641,E14000629
"Cheltenham",51.897202,-2.0847,5315,3476,104930,46161,E14000630
"Chesham and Amersham",51.673401,-0.61539,4309,3017,92744,36990,E14000631
"Chesterfield",53.242001,-1.42852,3415,2595,93223,42170,E14000632
"Chichester",50.864201,-0.782948,6475,4245,104369,45802,E14000633
"Chingford and Woodford Green",51.6143,0.009637,2856,1578,88040,35361,E14000634
"Chippenham",51.409599,-2.1644,4078,3056,96066,40302,E14000635
"Chipping Barnet",51.635502,-0.17593,4488,2765,111923,44358,E14000636
"Chorley",53.659901,-2.63267,3526,2603,94918,40538,E14000637
"Christchurch",50.770901,-1.81207,3343,2484,83583,37635,E14000638
"Cities of London and Westminster",51.512001,-0.133223,34040,12751,110000,56677,E14000639
"City of Chester",53.195499,-2.89171,4280,2748,93037,41020,E14000640
"City of Durham",54.773899,-1.56721,3550,2579,94374,38134,E14000641
"Clacton",51.8125,1.16964,3369,2707,85355,39355,E14000642
"Cleethorpes",53.589802,-0.177102,3477,2828,93589,40653,E14000643
"Colchester",51.889999,0.904641,4368,2886,108616,45489,E14000644
"Colne Valley",53.605202,-1.81707,4549,2891,108973,46315,E14000645
"Congleton",53.1549,-2.31675,4413,2905,91990,39695,E14000646
"Copeland",54.495899,-3.44708,3560,3060,80856,34985,E14000647
"Corby",52.4618,-0.618802,3685,3023,110095,45061,E14000648
"Coventry North East",52.425201,-1.47345,2596,2178,110285,44087,E14000649
"Coventry North West",52.422501,-1.54118,2022,1824,101322,42962,E14000650
"Coventry South",52.4011,-1.51013,4405,2210,107273,41688,E14000651
"Crawley",51.118,-0.183907,4402,2704,106584,42722,E14000652
"Crewe and Nantwich",53.086399,-2.45062,4214,2736,107330,45374,E14000653
"Croydon Central",51.373699,-0.074753,4085,2129,114697,46883,E14000654
"Croydon North",51.398102,-0.101178,4397,2421,136113,53441,E14000655
"Croydon South",51.333698,-0.111618,4463,2381,112644,44726,E14000656
"Dagenham and Rainham",51.544998,0.16663,2892,1841,101978,40016,E14000657
"Darlington",54.528999,-1.55406,3533,2530,91432,40748,E14000658
"Dartford",51.435398,0.24496,3460,2447,103261,42503,E14000659
"Daventry",52.280602,-1.06305,4127,2922,93927,38335,E14000660
"Denton and Reddish",53.452099,-2.12411,2891,2144,85628,37884,E14000661
"Derby North",52.920399,-1.49259,4209,2174,100319,41900,E14000662
"Derby South",52.900002,-1.46512,5990,2331,109175,43525,E14000663
"Derbyshire Dales",53.1422,-1.6436,3723,2507,78720,34006,E14000664
"Devizes",51.334801,-1.81581,4485,3430,96991,37840,E14000665
"Dewsbury",53.658298,-1.6539,3837,2927,109795,42915,E14000666
"Don Valley",53.506599,-1.08333,3162,2650,98336,40516,E14000667
"Doncaster Central",53.522499,-1.11264,4157,2709,104952,44491,E14000668
"Doncaster North",53.562302,-1.1659,2857,2491,99098,41476,E14000669
"Dover",51.1745,1.32179,3929,3141,97574,42244,E14000670
"Dudley North",52.519199,-2.10054,2549,1920,81097,33057,E14000671
"Dudley South",52.4911,-2.13976,2525,1904,79438,33076,E14000672
"Dulwich and West Norwood",51.446602,-0.09324,3357,2044,110533,46430,E14000673
"Ealing Central and Acton",51.510799,-0.285995,4729,2706,119448,48959,E14000674
"Ealing North",51.5345,-0.348427,3819,2324,121178,43719,E14000675
"Ealing, Southall",51.507198,-0.360916,2654,1574,97843,31408,E14000676
"Easington",54.787998,-1.34938,2783,2328,82781,36076,E14000677
"East Devon",50.684601,-3.36566,4760,3908,93917,41616,E14000678
"East Ham",51.5289,0.052386,3059,1684,149874,46033,E14000679
"East Hampshire",51.091202,-0.919786,4793,3518,95373,38919,E14000680
"East Surrey",51.237,-0.077999,4277,2927,105020,42375,E14000681
"East Worthing and Shoreham",50.831902,-0.304743,3833,2494,95963,41830,E14000682
"East Yorkshire",54.002499,-0.497805,6283,3490,100400,43954,E14000683
"Eastbourne",50.7817,0.281163,4256,3134,106811,48496,E14000684
"Eastleigh",50.940701,-1.33304,6167,2716,103800,43294,E14000685
"Eddisbury",53.149101,-2.62577,4005,3222,85569,35532,E14000686
"Edmonton",51.6273,-0.060213,2819,1954,112029,41490,E14000687
"Ellesmere Port and Neston",53.279598,-2.95103,5576,2593,86881,37311,E14000688
"Elmet and Rothwell",53.8381,-1.401,4078,2996,99669,42338,E14000689
"Eltham",51.455601,0.051855,2561,1771,89759,35888,E14000690
"Enfield North",51.6595,-0.067698,3457,2165,103056,40232,E14000691
"Enfield, Southgate",51.630901,-0.115064,3540,2095,97371,38178,E14000692
"Epping Forest",51.663502,0.066897,3508,2474,95075,39736,E14000693
"Epsom and Ewell",51.334999,-0.264934,3765,2625,104032,41380,E14000694
"Erewash",52.930901,-1.29956,2805,2051,94057,41014,E14000695
"Erith and Thamesmead",51.4902,0.126958,2460,1823,110432,41712,E14000696
"Esher and Walton",51.373001,-0.379849,4872,2973,109070,43688,E14000697
"Exeter",50.723999,-3.52124,4732,3060,106054,43909,E14000698
"Fareham",50.856602,-1.22303,4708,2850,97516,40553,E14000699
"Faversham and Mid Kent",51.265999,0.685083,3958,3274,92841,37832,E14000700
"Feltham and Heston",51.458401,-0.400404,3324,2086,125418,43826,E14000701
"Filton and Bradley Stoke",51.5243,-2.55516,4584,2296,92711,38068,E14000702
"Finchley and Golders Green",51.585701,-0.193769,5648,2945,120461,46601,E14000703
"Folkestone and Hythe",51.07,1.08394,4953,3780,113040,49409,E14000704
"Forest of Dean",51.809799,-2.51334,4182,3379,86160,35865,E14000705
"Fylde",53.764599,-2.95312,3175,2390,82012,37329,E14000706
"Gainsborough",53.379002,-0.529327,4000,3152,91683,39490,E14000707
"Garston and Halewood",53.368401,-2.86464,3145,2267,97891,42736,E14000708
"Gateshead",54.947701,-1.59901,3003,2122,94775,42835,E14000709
"Gedling",52.985699,-1.10549,2784,2091,92568,40290,E14000710
"Gillingham and Rainham",51.370899,0.575458,2764,2038,98813,39651,E14000711
"Gloucester",51.847801,-2.23776,5020,2827,112121,46440,E14000712
"Gosport",50.807301,-1.16698,2778,2249,96699,41461,E14000713
"Grantham and Stamford",52.810101,-0.527999,4054,3149,104473,44886,E14000714
"Gravesham",51.424198,0.374693,2953,2193,101704,40426,E14000715
"Great Grimsby",53.561298,-0.090934,3376,2330,88243,38612,E14000716
"Great Yarmouth",52.6133,1.70761,3226,2644,97289,42083,E14000717
"Greenwich and Woolwich",51.485199,0.035526,3856,2460,112443,46275,E14000718
"Guildford",51.227699,-0.568868,5649,3139,105809,41415,E14000719
"Hackney North and Stoke Newington",51.5625,-0.072443,3294,2038,128277,51067,E14000720
"Hackney South and Shoreditch",51.537399,-0.067372,3477,2413,117859,50574,E14000721
"Halesowen and Rowley Regis",52.466,-2.05243,2824,2037,87682,36717,E14000722
"Halifax",53.726501,-1.87249,4513,3206,100680,42730,E14000723
"Haltemprice and Howden",53.763302,-0.575887,3086,2433,88551,36920,E14000724
"Halton",53.358601,-2.73614,3223,2410,95021,40763,E14000725
"Hammersmith",51.500401,-0.225614,4549,2242,118347,52371,E14000726
"Hampstead and Kilburn",51.545601,-0.188219,5753,2998,130126,58393,E14000727
"Harborough",52.550201,-1.04234,3892,2346,100708,39749,E14000728
"Harlow",51.768398,0.10258,3133,2052,92058,38840,E14000729
"Harrogate and Knaresborough",54.006901,-1.50947,4434,2736,101279,43976,E14000730
"Harrow East",51.605099,-0.308682,2972,2012,103672,35094,E14000731
"Harrow West",51.5802,-0.343905,4083,2098,104153,37127,E14000732
"Hartlepool",54.681,-1.22455,3376,2617,92014,40428,E14000733
"Harwich and North Essex",51.8904,1.02165,3880,3134,91200,38139,E14000734
"Hastings and Rye",50.880001,0.593406,3926,2631,107977,49288,E14000735
"Havant",50.8452,-0.984655,3035,2326,91908,38989,E14000736
"Hayes and Harlington",51.5014,-0.431641,4178,2295,110255,37463,E14000737
"Hazel Grove",53.398998,-2.09195,2642,1869,78760,33903,E14000738
"Hemel Hempstead",51.756401,-0.464196,3925,2536,99080,41134,E14000739
"Hemsworth",53.633701,-1.37329,3016,2656,93680,40087,E14000740
"Hendon",51.6017,-0.246622,5661,3137,123805,44911,E14000741
"Henley",51.644299,-1.04091,7016,4039,97790,39240,E14000742
"Hereford and South Herefordshire",52.004398,-2.71592,4212,3127,97514,41734,E14000743
"Hertford and Stortford",51.824299,0.034802,4868,3103,106823,44228,E14000744
"Hertsmere",51.665401,-0.292823,5548,3046,100068,39774,E14000745
"Hexham",54.9995,-2.07732,5080,4097,76234,32613,E14000746
"Heywood and Middleton",53.5774,-2.20577,3734,2731,104045,44970,E14000747
"High Peak",53.366001,-1.94115,5101,2827,90864,38937,E14000748
"Hitchin and Harpenden",51.874298,-0.313454,4303,3074,99615,40612,E14000749
"Holborn and St Pancras",51.529499,-0.132073,12259,6441,135647,58467,E14000750
"Hornchurch and Upminster",51.576801,0.230545,3258,2211,102925,42300,E14000751
"Hornsey and Wood Green",51.590698,-0.125775,4306,2316,125883,53130,E14000752
"Horsham",51.063202,-0.314287,4707,3113,103719,42320,E14000753
"Houghton and Sunderland South",54.856201,-1.45179,2634,2125,86841,38131,E14000754
"Hove",50.835701,-0.184464,3898,1852,99820,46130,E14000755
"Huddersfield",53.6492,-1.77314,3955,2522,95636,40661,E14000756
"Huntingdon",52.302299,-0.195059,7364,3366,112705,46347,E14000757
"Hyndburn",53.751701,-2.37285,2987,2304,92423,39268,E14000758
"Ilford North",51.594299,0.071334,2268,1810,102600,37877,E14000759
"Ilford South",51.561901,0.082789,3710,1868,130991,41960,E14000760
"Ipswich",52.0527,1.1584,4356,2868,109034,47279,E14000761
"Isle of Wight",50.688099,-1.2572,6258,5083,138265,61085,E14000762
"Islington North",51.560299,-0.115276,3481,1981,103403,46459,E14000763
"Islington South and Finsbury",51.531101,-0.106253,9513,4794,102675,47077,E14000764
"Jarrow",54.9627,-1.48941,2469,2025,83110,36869,E14000765
"Keighley",53.8806,-1.90087,4571,3426,97178,39802,E14000766
"Kenilworth and Southam",52.277401,-1.47821,3797,2691,80315,34158,E14000767
"Kensington",51.503502,-0.193965,5809,3064,117212,57170,E14000768
"Kettering",52.403801,-0.739322,3171,2411,93478,39702,E14000769
"Kingston and Surbiton",51.393799,-0.288214,4843,2655,118082,47547,E14000770
"Kingston upon Hull East",53.761002,-0.305447,3295,2096,91937,40028,E14000771
"Kingston upon Hull North",53.774601,-0.359222,2267,1805,94751,39411,E14000772
"Kingston upon Hull West and Hessle",53.739601,-0.37836,3795,2287,84657,39442,E14000773
"Kingswood",51.457401,-2.491,3511,2015,87025,36055,E14000774
"Knowsley",53.448399,-2.86205,3317,2599,103982,43821,E14000775
"Lancaster and Fleetwood",53.997799,-2.85768,3340,2489,86629,34264,E14000776
"Leeds Central",53.788799,-1.54428,7260,3963,132590,57178,E14000777
"Leeds East",53.812698,-1.47522,3127,2214,94336,39324,E14000778
"Leeds North East",53.836399,-1.53441,3256,2169,92127,39302,E14000779
"Leeds North West",53.8587,-1.62405,2883,2080,83997,33529,E14000780
"Leeds West",53.803101,-1.61031,3243,2403,93002,41234,E14000781
"Leicester East",52.648399,-1.09489,2585,1786,108558,38151,E14000782
"Leicester South",52.625401,-1.12589,4608,2325,119183,43545,E14000783
"Leicester West",52.643299,-1.15813,2217,1865,102049,41425,E14000784
"Leigh",53.4972,-2.51541,3333,2661,102858,44667,E14000785
"Lewes",50.8395,0.070015,4399,3314,88144,38619,E14000786
"Lewisham East",51.445801,-0.002016,2862,1751,102256,42497,E14000787
"Lewisham West and Penge",51.424099,-0.051623,3234,2161,105943,46764,E14000788
"Lewisham, Deptford",51.468201,-0.030635,3480,2041,112805,47506,E14000789
"Leyton and Wanstead",51.567799,0.004894,2558,1479,104310,39244,E14000790
"Lichfield",52.704102,-1.8505,3617,2646,92973,38621,E14000791
"Lincoln",53.2234,-0.550034,4153,2824,106184,45027,E14000792
"Liverpool, Riverside",53.4011,-2.9713,7492,3307,114646,52295,E14000793
"Liverpool, Walton",53.4412,-2.95544,2658,1880,92262,41085,E14000794
"Liverpool, Wavertree",53.4007,-2.92287,2434,1769,91626,40211,E14000795
"Liverpool, West Derby",53.434898,-2.90421,2169,1677,90107,38565,E14000796
"Loughborough",52.767101,-1.21024,3161,2078,99163,38938,E14000797
"Louth and Horncastle",53.2938,0.030704,4443,3620,96941,43294,E14000798
"Ludlow",52.4762,-2.62313,4472,3769,84937,37049,E14000799
"Luton North",51.905602,-0.454984,1951,1385,99059,36126,E14000800
"Luton South",51.881599,-0.416289,3300,1967,110207,40783,E14000801
"Macclesfield",53.2752,-2.12501,4051,2928,93273,40936,E14000802
"Maidenhead",51.510502,-0.765275,4744,3173,101907,40823,E14000803
"Maidstone and The Weald",51.2314,0.514312,4675,3212,100011,41130,E14000804
"Makerfield",53.518299,-2.62546,2357,2079,98387,41023,E14000805
"Maldon",51.687801,0.661965,3674,2457,88628,36689,E14000806
"Manchester Central",53.481602,-2.22048,10184,4823,134597,56608,E14000807
"Manchester, Gorton",53.451099,-2.20729,3003,2326,111001,40257,E14000808
"Manchester, Withington",53.430901,-2.24193,4801,2321,99027,40792,E14000809
"Mansfield",53.1548,-1.1851,3293,2603,104386,44898,E14000810
"Meon Valley",50.920399,-1.10295,4070,2833,89690,37092,E14000811
"Meriden",52.431499,-1.74302,3187,2501,107978,45123,E14000812
"Mid Bedfordshire",52.030102,-0.474769,3652,3036,100047,40117,E14000813
"Mid Derbyshire",52.967701,-1.44936,3693,1869,84110,36016,E14000814
"Mid Dorset and North Poole",50.759602,-2.01568,3024,2220,80885,33937,E14000815
"Mid Norfolk",52.625,0.963756,4021,3517,99847,41812,E14000816
"Mid Sussex",51.030998,-0.084616,4906,3275,105795,43719,E14000817
"Mid Worcestershire",52.161201,-2.02716,4278,2880,94280,39573,E14000818
"Middlesbrough",54.563599,-1.23258,4148,2823,93918,38565,E14000819
"Middlesbrough South and East Cleveland",54.541901,-1.0828,3021,2421,92799,39966,E14000820
"Milton Keynes North",52.065498,-0.748244,5037,3573,121804,48574,E14000821
"Milton Keynes South",52.018799,-0.754295,6630,3787,127010,50010,E14000822
"Mitcham and Morden",51.403198,-0.172949,2337,1599,103358,39017,E14000823
"Mole Valley",51.252499,-0.362963,5232,3712,94933,39552,E14000824
"Morecambe and Lunesdale",54.081902,-2.82401,3284,2682,87662,39029,E14000825
"Morley and Outwood",53.732101,-1.5633,3317,2686,96403,41736,E14000826
"New Forest East",50.872799,-1.47112,5699,2549,92369,38901,E14000827
"New Forest West",50.796001,-1.66022,4905,2958,84084,37930,E14000828
"Newark",53.087399,-0.853487,3787,3186,98882,41668,E14000829
"Newbury",51.424099,-1.32061,7937,3905,107496,43872,E14000830
"Newcastle upon Tyne Central",54.98,-1.63782,4815,2524,93679,38192,E14000831
"Newcastle upon Tyne East",54.9814,-1.5799,2739,1920,95645,39581,E14000832
"Newcastle upon Tyne North",55.005798,-1.67795,2522,2165,90901,39405,E14000833
"Newcastle-under-Lyme",53.0201,-2.24378,2836,2170,89023,37802,E14000834
"Newton Abbot",50.544998,-3.55819,3863,2906,85682,37378,E14000835
"Normanton, Pontefract and Castleford",53.7052,-1.33488,3683,2985,107182,46606,E14000836
"North Cornwall",50.611599,-4.63991,4413,3724,87586,37462,E14000837
"North Devon",51.092701,-4.02334,4524,3667,93665,40000,E14000838
"North Dorset",50.920502,-2.14201,4426,3414,95749,39688,E14000839
"North Durham",54.858898,-1.63524,3055,2449,86873,38674,E14000840
"North East Bedfordshire",52.129799,-0.358023,3842,3044,102688,42172,E14000841
"North East Cambridgeshire",52.5704,0.096038,4055,3304,112467,47654,E14000842
"North East Derbyshire",53.2673,-1.41806,3760,2295,91192,39642,E14000843
"North East Hampshire",51.287399,-0.898882,6044,3243,96033,37849,E14000844
"North East Hertfordshire",51.966702,-0.111584,4477,3385,95227,39362,E14000845
"North East Somerset",51.351501,-2.49246,5473,3199,87127,35814,E14000846
"North Herefordshire",52.1483,-2.67386,3955,3496,85968,36578,E14000847
"North Norfolk",52.856201,1.2929,4111,3615,84666,38493,E14000848
"North Shropshire",52.877701,-2.80846,4952,4200,104421,43038,E14000849
"North Somerset",51.432899,-2.76175,5687,3079,98317,42054,E14000850
"North Swindon",51.5895,-1.77973,3682,2385,107339,45214,E14000851
"North Thanet",51.367901,1.25201,3231,2630,93550,40737,E14000852
"North Tyneside",55.016899,-1.54583,3547,2434,102150,47223,E14000853
"North Warwickshire",52.5308,-1.58803,2982,2397,89876,37584,E14000854
"North West Cambridgeshire",52.483002,-0.219596,5240,3171,125045,51182,E14000855
"North West Durham",54.8009,-1.82659,3994,3432,92150,41146,E14000856
"North West Hampshire",51.266499,-1.37383,5432,3441,101022,41488,E14000857
"North West Leicestershire",52.745701,-1.40022,4609,2483,93455,39122,E14000858
"North West Norfolk",52.802101,0.468106,4001,3223,95057,41297,E14000859
"North Wiltshire",51.515999,-2.02659,4553,3453,88767,35763,E14000860
"Northampton North",52.263802,-0.865728,2218,1466,86189,35553,E14000861
"Northampton South",52.2435,-0.886584,4784,2346,93595,40476,E14000862
"Norwich North",52.6493,1.31222,3446,2329,87418,38945,E14000863
"Norwich South",52.6278,1.27777,3152,2556,96632,44153,E14000864
"Nottingham East",52.965801,-1.14559,3402,2207,99187,42034,E14000865
"Nottingham North",52.983002,-1.19976,2743,1925,97299,41628,E14000866
"Nottingham South",52.942501,-1.16746,4022,2482,109120,42438,E14000867
"Nuneaton",52.522499,-1.48248,2496,1921,91121,38108,E14000868
"Old Bexley and Sidcup",51.4398,0.110329,2401,1626,86147,34687,E14000869
"Oldham East and Saddleworth",53.550701,-2.07448,3839,2799,101266,41114,E14000870
"Oldham West and Royton",53.5415,-2.1306,3260,2472,102849,39553,E14000871
"Orpington",51.363602,0.085288,3210,2114,88655,36463,E14000872
"Oxford East",51.742298,-1.22915,5392,2901,120776,43359,E14000873
"Oxford West and Abingdon",51.734299,-1.28293,4110,2783,105908,42851,E14000874
"Pendle",53.8643,-2.19401,4207,2879,89472,37355,E14000875
"Penistone and Stocksbridge",53.4897,-1.54712,3908,2221,87436,37941,E14000876
"Penrith and The Border",54.7491,-2.74734,4866,4118,81846,35671,E14000877
"Peterborough",52.598701,-0.258319,4775,2646,115444,45857,E14000878
"Plymouth, Moor View",50.4114,-4.14561,2442,2044,91532,38618,E14000879
"Plymouth, Sutton and Devonport",50.3778,-4.14274,3741,2713,110214,47882,E14000880
"Poole",50.723801,-1.96257,3361,2364,95238,42207,E14000881
"Poplar and Limehouse",51.5098,-0.031678,4677,2793,128764,52670,E14000882
"Portsmouth North",50.831501,-1.06964,2621,2026,97509,39642,E14000883
"Portsmouth South",50.794998,-1.08215,3787,2434,107525,45824,E14000884
"Preston",53.763699,-2.70226,4099,2223,94716,39075,E14000885
"Pudsey",53.830399,-1.67484,3415,2578,89082,38580,E14000886
"Putney",51.455299,-0.219247,2693,1868,93546,39436,E14000887
"Rayleigh and Wickford",51.601101,0.60487,3103,2280,97431,39595,E14000888
"Reading East",51.458099,-0.958726,5341,2538,108673,42849,E14000889
"Reading West",51.452099,-1.01699,5670,2540,101499,41420,E14000890
"Redcar",54.584702,-1.10502,3290,2548,86898,38286,E14000891
"Redditch",52.293499,-1.94007,2694,1870,89708,37037,E14000892
"Reigate",51.260502,-0.190618,4650,2960,100916,40384,E14000893
"Ribble Valley",53.807899,-2.51668,3883,2861,96942,40835,E14000894
"Richmond (Yorks)",54.374001,-1.59318,5961,5007,107341,44063,E14000895
"Richmond Park",51.453701,-0.283335,4445,2765,116721,48817,E14000896
"Rochdale",53.620701,-2.14173,4184,2914,107632,42573,E14000897
"Rochester and Strood",51.394501,0.515574,4149,2811,105198,42541,E14000898
"Rochford and Southend East",51.5457,0.732874,3856,2316,100078,42885,E14000899
"Romford",51.580101,0.180461,3296,1970,95777,39318,E14000900
"Romsey and Southampton North",50.992802,-1.4616,4828,2522,88291,34761,E14000901
"Rossendale and Darwen",53.693699,-2.32275,4126,3190,96444,41273,E14000902
"Rother Valley",53.379501,-1.25659,3550,2185,94719,39769,E14000903
"Rotherham",53.431702,-1.36228,3020,2184,89434,37226,E14000904
"Rugby",52.385899,-1.28204,3075,2487,96504,40612,E14000905
"Ruislip, Northwood and Pinner",51.5937,-0.411593,3728,2465,93747,37575,E14000906
"Runnymede and Weybridge",51.390099,-0.505421,5324,3199,102243,41913,E14000907
"Rushcliffe",52.900501,-1.10412,2547,2294,94939,39322,E14000908
"Rutland and Melton",52.7146,-0.804145,3877,3131,101022,41916,E14000909
"Saffron Walden",51.899799,0.308385,4700,3666,101986,40495,E14000910
"Salford and Eccles",53.495399,-2.30936,6110,3252,108337,49850,E14000911
"Salisbury",51.0812,-1.79381,4459,3318,91425,38650,E14000912
"Scarborough and Whitby",54.3442,-0.508692,3955,3121,97396,44000,E14000913
"Scunthorpe",53.5653,-0.641193,2785,2203,89080,37178,E14000914
"Sedgefield",54.636501,-1.51464,3235,2640,84058,36642,E14000915
"Sefton Central",53.522202,-3.00534,2756,2131,84873,35453,E14000916
"Selby and Ainsty",53.825802,-1.16465,5032,3334,96086,39523,E14000917
"Sevenoaks",51.311001,0.18466,4148,2911,93470,38152,E14000918
"Sheffield Central",53.3797,-1.47481,5076,2756,115588,45116,E14000919
"Sheffield South East",53.363499,-1.38677,3709,2199,92939,39092,E14000920
"Sheffield, Brightside and Hillsborough",53.414398,-1.46753,2430,1952,107146,43504,E14000921
"Sheffield, Hallam",53.365799,-1.52516,2839,1878,89249,36427,E14000922
"Sheffield, Heeley",53.349701,-1.45726,2534,1797,93014,42072,E14000923
"Sherwood",53.090302,-1.12144,2690,2426,94326,40185,E14000924
"Shipley",53.846001,-1.80083,3828,2989,94789,41294,E14000925
"Shrewsbury and Atcham",52.699699,-2.76265,4943,3929,102312,43618,E14000926
"Sittingbourne and Sheppey",51.370899,0.753901,3763,2881,108139,43840,E14000927
"Skipton and Ripon",54.044899,-1.89523,5712,4687,99350,42814,E14000928
"Sleaford and North Hykeham",53.072201,-0.497389,3956,3519,111185,47568,E14000929
"Slough",51.513,-0.596565,4535,2721,133969,48208,E14000930
"Solihull",52.417301,-1.79862,3232,2123,98799,40989,E14000931
"Somerton and Frome",51.1213,-2.51062,5258,4376,103175,43931,E14000932
"South Basildon and East Thurrock",51.546001,0.455954,2766,2201,96805,39463,E14000933
"South Cambridgeshire",52.181599,0.042705,5481,2901,109760,44059,E14000934
"South Derbyshire",52.821602,-1.54374,3654,2360,94628,38994,E14000935
"South Dorset",50.618999,-2.32823,3572,2797,91953,40198,E14000936
"South East Cambridgeshire",52.268799,0.238182,4957,2753,114897,46977,E14000937
"South East Cornwall",50.428799,-4.38075,4267,3564,88046,38775,E14000938
"South Holland and The Deepings",52.778599,-0.10104,3563,2862,101573,42924,E14000939
"South Leicestershire",52.555302,-1.19901,4397,2630,100584,41158,E14000940
"South Norfolk",52.494701,1.25326,4564,3687,98202,41901,E14000941
"South Northamptonshire",52.126598,-1.01448,4019,3002,108534,43814,E14000942
"South Ribble",53.697701,-2.74364,3699,2242,97456,40389,E14000943
"South Shields",54.980999,-1.42247,2496,1917,82271,37886,E14000944
"South Staffordshire",52.591499,-2.15518,2889,2501,93658,38474,E14000945
"South Suffolk",52.041302,0.870453,4580,3468,91685,39310,E14000946
"South Swindon",51.553501,-1.78221,5243,2816,101827,43146,E14000947
"South Thanet",51.341301,1.38914,4154,2956,96594,42542,E14000948
"South West Bedfordshire",51.902901,-0.59255,4121,2147,102051,42272,E14000949
"South West Devon",50.372601,-4.03544,4292,2949,88774,37180,E14000950
"South West Hertfordshire",51.6889,-0.510992,5629,3278,105318,42507,E14000951
"South West Norfolk",52.546398,0.576653,3886,3321,103502,42897,E14000952
"South West Surrey",51.173698,-0.713345,5239,3598,103005,41708,E14000953
"South West Wiltshire",51.219398,-2.1759,4294,3467,97675,41609,E14000954
"Southampton, Itchen",50.908901,-1.37306,6415,2640,102730,44122,E14000955
"Southampton, Test",50.9217,-1.4237,6485,2620,105977,43994,E14000956
"Southend West",51.553101,0.668658,2615,1813,89015,38117,E14000957
"Southport",53.638,-2.9961,3072,2021,90372,39873,E14000958
"Spelthorne",51.422798,-0.457739,3703,2505,95596,39512,E14000959
"St Albans",51.743801,-0.325164,4639,3021,97657,39378,E14000960
"St Austell and Newquay",50.3699,-4.87896,4084,3369,99063,41913,E14000961
"St Helens North",53.466999,-2.6926,2982,2466,96328,41417,E14000962
"St Helens South and Whiston",53.435398,-2.75304,3880,2829,100693,43416,E14000963
"St Ives",50.1199,-5.46785,4916,3957,85029,37720,E14000964
"Stafford",52.791599,-2.11381,3435,2663,95165,40279,E14000965
"Staffordshire Moorlands",53.090599,-2.05558,2861,2466,77500,33467,E14000966
"Stalybridge and Hyde",53.470501,-2.05447,3140,2451,91709,39562,E14000967
"Stevenage",51.8978,-0.191659,3324,2240,94302,39268,E14000968
"Stockport",53.408901,-2.16553,3637,2135,85169,37907,E14000969
"Stockton North",54.586399,-1.31597,4107,2799,92380,38640,E14000970
"Stockton South",54.5392,-1.32835,2939,2537,99261,40530,E14000971
"Stoke-on-Trent Central",53.015202,-2.17325,3698,2494,83058,36484,E14000972
"Stoke-on-Trent North",53.061401,-2.20295,3033,2290,96668,41424,E14000973
"Stoke-on-Trent South",52.982601,-2.13717,2706,2209,89580,38312,E14000974
"Stone",52.915798,-2.16574,3073,2681,84311,35850,E14000975
"Stourbridge",52.458302,-2.13158,2781,2004,89962,37453,E14000976
"Stratford-on-Avon",52.191898,-1.74212,4419,3384,88457,38601,E14000977
"Streatham",51.441898,-0.127197,3653,2133,115101,47814,E14000978
"Stretford and Urmston",53.4515,-2.33209,4926,2694,98929,41037,E14000979
"Stroud",51.737701,-2.26546,4550,3608,99792,42362,E14000980
"Suffolk Coastal",52.126202,1.42516,5793,4479,98930,44172,E14000981
"Sunderland Central",54.907101,-1.3922,4047,2759,99523,43697,E14000982
"Surrey Heath",51.323601,-0.715024,4638,2801,105656,41867,E14000983
"Sutton and Cheam",51.3643,-0.204887,3160,2004,94925,39792,E14000984
"Sutton Coldfield",52.5625,-1.82082,3737,2244,94921,39832,E14000985
"Tamworth",52.628601,-1.70465,2781,2082,95498,38823,E14000986
"Tatton",53.309399,-2.33271,4504,3205,84372,36475,E14000987
"Taunton Deane",51.014,-3.13456,4743,3618,110174,46901,E14000988
"Telford",52.667198,-2.44937,4332,3273,90467,36464,E14000989
"Tewkesbury",51.9296,-2.1154,4165,3176,98144,42144,E14000990
"The Cotswolds",51.793201,-1.92288,4898,3985,95839,41656,E14000991
"The Wrekin",52.712799,-2.45314,3649,2712,90804,36169,E14000992
"Thirsk and Malton",54.172298,-0.969666,6916,4194,96900,42214,E14000993
"Thornbury and Yate",51.553398,-2.45537,5039,2569,82944,33377,E14000994
"Thurrock",51.4865,0.309247,3544,2212,116320,45921,E14000995
"Tiverton and Honiton",50.8288,-3.24158,6070,4414,97817,42796,E14000996
"Tonbridge and Malling",51.228199,0.279182,4732,3449,98967,39420,E14000997
"Tooting",51.437099,-0.170393,2968,1686,106843,43052,E14000998
"Torbay",50.461899,-3.54654,3970,2743,97175,43925,E14000999
"Torridge and West Devon",50.803001,-4.19604,4849,4125,97138,42106,E14001000
"Totnes",50.370201,-3.66265,4460,3639,82795,37586,E14001001
"Tottenham",51.5886,-0.081109,3495,2031,129355,48927,E14001002
"Truro and Falmouth",50.240898,-5.07311,4598,3642,89226,39256,E14001003
"Tunbridge Wells",51.135399,0.314428,4719,3319,105086,43422,E14001004
"Twickenham",51.437,-0.342994,4422,2517,112189,47093,E14001005
"Tynemouth",55.026901,-1.46749,3594,2551,98611,44052,E14001006
"Uxbridge and South Ruislip",51.545399,-0.450741,3865,2226,100979,37188,E14001007
"Vauxhall",51.475601,-0.123038,4589,2664,114096,50711,E14001008
"Wakefield",53.672798,-1.53017,4077,2904,95229,41091,E14001009
"Wallasey",53.416401,-3.06227,5311,2216,89282,39348,E14001010
"Walsall North",52.603901,-2.0205,2258,1918,93883,38182,E14001011
"Walsall South",52.577801,-1.98666,3172,2004,98638,37470,E14001012
"Walthamstow",51.585201,-0.020828,2803,1580,111246,41566,E14001013
"Wansbeck",55.165298,-1.61,3365,2590,81898,36366,E14001014
"Wantage",51.6124,-1.34446,5009,3769,106600,43114,E14001015
"Warley",52.4879,-1.98309,2608,1876,92056,35304,E14001016
"Warrington North",53.417999,-2.5632,3173,2354,95203,40390,E14001017
"Warrington South",53.384602,-2.58758,4929,3027,107029,44752,E14001018
"Warwick and Leamington",52.2855,-1.5558,4314,2745,97129,41735,E14001019
"Washington and Sunderland West",54.9077,-1.4984,2634,2098,89137,37929,E14001020
"Watford",51.663502,-0.404535,7483,2932,114037,46319,E14001021
"Waveney",52.4645,1.66789,3451,2882,102456,44804,E14001022
"Wealden",50.988602,0.174278,5242,3912,101309,41444,E14001023
"Weaver Vale",53.280499,-2.6198,4039,2957,88055,37100,E14001024
"Wellingborough",52.293999,-0.65881,4064,2472,106161,44805,E14001025
"Wells",51.213799,-2.74475,4947,3946,103385,44078,E14001026
"Welwyn Hatfield",51.784901,-0.206128,4414,3051,105353,41529,E14001027
"Wentworth and Dearne",53.484299,-1.32186,3326,2576,95466,40904,E14001028
"West Bromwich East",52.531502,-1.98443,2610,1925,87998,34810,E14001029
"West Bromwich West",52.528702,-2.03545,3026,2127,89950,35594,E14001030
"West Dorset",50.7733,-2.59556,5068,4154,95525,42787,E14001031
"West Ham",51.533199,0.014468,3973,2309,158093,55456,E14001032
"West Lancashire",53.565899,-2.83394,3116,2306,94753,38711,E14001033
"West Suffolk",52.258499,0.523672,4249,3354,113386,46479,E14001034
"West Worcestershire",52.1371,-2.27071,4106,3229,91667,39753,E14001035
"Westminster North",51.525299,-0.184113,3858,2218,116716,53446,E14001036
"Westmorland and Lonsdale",54.308601,-2.81527,4730,3822,83924,37612,E14001037
"Weston-Super-Mare",51.346001,-2.91416,4871,3127,104304,46196,E14001038
"Wigan",53.554001,-2.64156,3656,2625,101829,44102,E14001039
"Wimbledon",51.416401,-0.211978,3454,2128,96419,39771,E14001040
"Winchester",51.047699,-1.3211,5022,3057,97365,39326,E14001041
"Windsor",51.446301,-0.656462,5331,3364,102384,41578,E14001042
"Wirral South",53.3372,-3.02169,5042,2104,72180,30992,E14001043
"Wirral West",53.374802,-3.1351,4441,1874,69430,30188,E14001044
"Witham",51.822899,0.704276,3713,2681,88422,36752,E14001045
"Witney",51.812199,-1.49099,7879,3907,104779,43242,E14001046
"Woking",51.3167,-0.565785,4598,2786,105901,41897,E14001047
"Wokingham",51.412899,-0.902453,5967,2970,101086,39729,E14001048
"Wolverhampton North East",52.602901,-2.1064,3173,1899,88355,36558,E14001049
"Wolverhampton South East",52.566898,-2.09499,2602,1980,88515,35516,E14001050
"Wolverhampton South West",52.5863,-2.15006,3097,2105,85381,35439,E14001051
"Worcester",52.198799,-2.20908,3839,2534,98840,42071,E14001052
"Workington",54.719601,-3.40753,4432,3157,78388,34598,E14001053
"Worsley and Eccles South",53.4967,-2.39924,4380,2439,98725,42919,E14001054
"Worthing West",50.816898,-0.42,4918,3184,94738,44236,E14001055
"Wycombe",51.6255,-0.758998,4388,2752,108122,41585,E14001056
"Wyre and Preston North",53.833599,-2.81302,3424,2479,88435,37612,E14001057
"Wyre Forest",52.375198,-2.26506,4198,3229,97981,42994,E14001058
"Wythenshawe and Sale East",53.397701,-2.28431,5292,2983,105407,45978,E14001059
"Yeovil",50.922001,-2.7675,4488,3571,106767,46092,E14001060
"York Central",53.958698,-1.089,6685,2724,104342,45271,E14001061
"York Outer",53.9734,-1.07613,5867,2646,93728,38291,E14001062
"Belfast East",54.593498,-5.85583,3009,2076,91744,40708,N06000001
"Belfast North",54.632401,-5.94054,3295,2324,102225,44464,N06000002
"Belfast South",54.574299,-5.92901,4376,2536,111149,46503,N06000003
"Belfast West",54.5858,-5.97981,2249,1742,93750,36435,N06000004
"East Antrim",54.793598,-5.84614,2457,2176,89045,35677,N06000005
"East Londonderry",55.0839,-6.77788,3008,2719,98091,37321,N06000006
"Fermanagh and South Tyrone",54.369999,-7.43578,5995,5087,98380,35986,N06000007
"Foyle",55.002602,-7.30803,2721,1991,100177,38145,N06000008
"Lagan Valley",54.488499,-6.07684,2975,2619,100605,39417,N06000009
"Mid Ulster",54.698502,-6.68908,2969,2765,97584,33115,N06000010
"Newry and Armagh",54.255798,-6.52871,3575,3185,110428,39750,N06000011
"North Antrim",54.974998,-6.34817,3235,2918,106612,40832,N06000012
"North Down",54.6493,-5.67296,3086,2248,88783,37429,N06000013
"South Antrim",54.7006,-6.10792,3084,2515,97962,37178,N06000014
"South Down",54.239399,-5.96326,3346,3113,106963,38323,N06000015
"Strangford",54.527802,-5.69605,3061,2388,88204,34954,N06000016
"Upper Bann",54.424801,-6.36081,3148,2663,117177,45408,N06000017
"West Tyrone",54.6595,-7.35652,3415,3083,88827,32316,N06000018
"Aberdeen North",57.159302,-2.13013,6156,2701,99273,46037,S14000001
"Aberdeen South",57.1287,-2.13058,6409,2699,93323,44310,S14000002
"Airdrie and Shotts",55.8494,-3.92712,2330,2019,85801,36479,S14000003
"Angus",56.6511,-2.72873,3576,3081,86092,39086,S14000004
"Argyll and Bute",56.031799,-5.21232,4127,3413,87912,40013,S14000005
"Ayr, Carrick and Cumnock",55.4067,-4.58096,3728,3031,93099,41921,S14000006
"Banff and Buchan",57.5634,-2.16865,9328,3744,91148,38790,S14000007
"Berwickshire, Roxburgh and Selkirk",55.593102,-2.61297,4416,3847,94563,43956,S14000008
"Caithness, Sutherland and Easter Ross",58.141201,-3.84156,2547,2237,62354,28056,S14000009
"Central Ayrshire",55.569199,-4.62666,3088,2514,87671,39384,S14000010
"Coatbridge, Chryston and Bellshill",55.860802,-4.05593,2863,2408,94977,40552,S14000011
"Cumbernauld, Kilsyth and Kirkintilloch East",55.956699,-4.05994,2755,1916,86866,37103,S14000012
"Dumfries and Galloway",54.966,-4.12937,5063,4457,97094,44034,S14000013
"Dumfriesshire, Clydesdale and Tweeddale",55.287701,-3.39327,4049,3475,86012,37926,S14000014
"Dundee East",56.482899,-2.8804,3020,2449,87614,39343,S14000015
"Dundee West",56.472301,-2.99929,3998,2788,89181,42278,S14000016
"Dunfermline and West Fife",56.064899,-3.46062,3351,2534,98290,42677,S14000017
"East Dunbartonshire",55.923901,-4.25512,3251,2567,82193,33787,S14000018
"East Kilbride, Strathaven and Lesmahagow",55.7397,-4.13911,3066,2465,100565,43453,S14000019
"East Lothian",55.9687,-2.85564,3548,3084,99620,42865,S14000020
"East Renfrewshire",55.787601,-4.32988,3104,2461,90471,37191,S14000021
"Edinburgh East",55.947601,-3.15036,3576,2592,95497,45048,S14000022
"Edinburgh North and Leith",55.963501,-3.20078,5514,2981,106267,54582,S14000023
"Edinburgh South",55.9207,-3.18253,2814,2234,86191,37332,S14000024
"Edinburgh South West",55.921799,-3.26061,3356,2564,99102,46234,S14000025
"Edinburgh West",55.952099,-3.2881,3545,2733,89371,39770,S14000026
"Na h-Eileanan an Iar",57.978001,-6.70107,1994,957,27663,12565,S14000027
"Falkirk",56.008499,-3.81467,3507,2797,108872,47778,S14000028
"Glasgow Central",55.855999,-4.25502,7979,3076,90893,45272,S14000029
"Glasgow East",55.854099,-4.15278,3162,2307,87294,40389,S14000030
"Glasgow North",55.882198,-4.28801,2599,1739,71525,35400,S14000031
"Glasgow North East",55.877102,-4.22064,3097,2034,85861,41977,S14000032
"Glasgow North West",55.8895,-4.34412,2982,2078,85861,42336,S14000033
"Glasgow South",55.818901,-4.26875,2685,2024,87979,42121,S14000034
"Glasgow South West",55.840698,-4.33745,2808,2057,84003,38244,S14000035
"Glenrothes",56.188499,-3.13208,2697,2315,89310,39577,S14000036
"Gordon",57.3055,-2.33913,7382,3439,100246,41794,S14000037
"Inverclyde",55.9356,-4.75173,2991,2301,81442,37418,S14000038
"Inverness, Nairn, Badenoch and Strathspey",57.439201,-4.13691,4434,2981,101908,44625,S14000039
"Kilmarnock and Loudoun",55.601299,-4.44615,3824,3137,96820,42591,S14000040
"Kirkcaldy and Cowdenbeath",56.103802,-3.24203,3093,2371,97007,44278,S14000041
"Lanark and Hamilton East",55.748402,-3.94085,3760,2935,97368,43782,S14000042
"Linlithgow and East Falkirk",55.949902,-3.66804,3467,2947,112148,48956,S14000043
"Livingston",55.892399,-3.53546,3110,2390,109731,45246,S14000044
"Midlothian",55.8666,-3.10863,3343,2913,83071,34938,S14000045
"Moray",57.613201,-3.19109,6607,3287,93094,39977,S14000046
"Motherwell and Wishaw",55.789501,-3.96498,2702,2162,92037,41249,S14000047
"North Ayrshire and Arran",55.692299,-4.79638,3504,2970,95509,43557,S14000048
"North East Fife",56.301601,-2.94665,3502,2855,80532,34392,S14000049
"Ochil and South Perthshire",56.239101,-3.66783,4122,3226,100152,43296,S14000050
"Orkney and Shetland",59.575001,-2.16297,1577,1372,44364,19613,S14000051
"Paisley and Renfrewshire North",55.868999,-4.44788,2996,2254,88480,39352,S14000052
"Paisley and Renfrewshire South",55.832802,-4.46588,3162,2362,86409,41542,S14000053
"Perth and North Perthshire",56.490601,-3.45414,4314,3480,97500,44035,S14000054
"Ross, Skye and Lochaber",57.309898,-5.12096,3105,2484,67767,29360,S14000055
"Rutherglen and Hamilton West",55.805901,-4.15149,3116,2560,102834,46290,S14000056
"Stirling",56.133598,-4.04447,3683,2884,90073,37492,S14000057
"West Aberdeenshire and Kincardine",57.059799,-2.48425,6344,3281,91197,36965,S14000058
"West Dunbartonshire",55.9422,-4.4945,3044,2363,90515,42083,S14000059
"Ynys Mï¿½n",53.286098,-4.3833,3192,2835,69751,30594,W07000041
"Delyn",53.226398,-3.18289,2692,2133,69982,29366,W07000042
"Alyn and Deeside",53.180401,-3.03832,2622,2253,82572,34436,W07000043
"Wrexham",53.060101,-2.98622,2799,2075,70738,29873,W07000044
"Llanelli",51.703999,-4.16118,2667,2167,81273,34974,W07000045
"Gower",51.648499,-4.03079,3123,2030,77823,33550,W07000046
"Swansea West",51.622501,-3.9707,2573,1910,80564,35002,W07000047
"Swansea East",51.652599,-3.92726,2735,1878,80626,34939,W07000048
"Aberavon",51.6133,-3.7818,2155,1712,66126,28562,W07000049
"Cardiff Central",51.4953,-3.16766,4947,1767,88104,33470,W07000050
"Cardiff North",51.521,-3.20009,4391,1890,88080,35849,W07000051
"Rhondda",51.638901,-3.46243,1911,1564,69560,30408,W07000052
"Torfaen",51.679798,-3.04251,3585,2250,81086,34059,W07000053
"Monmouth",51.7323,-2.84321,5774,3117,83713,35593,W07000054
"Newport East",51.5882,-2.92096,4894,1764,77900,31931,W07000055
"Newport West",51.588001,-3.01097,6699,2238,85380,36321,W07000056
"Arfon",53.162399,-4.17716,2612,2094,60543,24193,W07000057
"Aberconwy",53.253601,-3.83354,2600,2153,56403,25324,W07000058
"Clwyd West",53.226501,-3.57103,3095,2602,73908,32200,W07000059
"Vale of Clwyd",53.287201,-3.44449,2969,2289,71086,30821,W07000060
"Dwyfor Meirionnydd",52.8382,-4.11573,3859,3464,61326,28283,W07000061
"Clwyd South",52.999901,-3.07207,2894,2611,71530,30476,W07000062
"Montgomeryshire",52.612801,-3.32606,3486,3071,63722,27533,W07000063
"Ceredigion",52.237801,-4.21496,3701,3071,75913,31559,W07000064
"Preseli Pembrokeshire",51.852501,-4.95607,3597,3139,76586,33172,W07000065
"Carmarthen West and South Pembrokeshire",51.765499,-4.6552,3616,3110,77381,33322,W07000066
"Carmarthen East and Dinefwr",51.8964,-4.07652,3760,3213,70983,30487,W07000067
"Brecon and Radnorshire",52.062302,-3.36797,3445,2989,69246,30809,W07000068
"Neath",51.702,-3.79026,2395,1954,73687,31831,W07000069
"Cynon Valley",51.694698,-3.41927,1875,1618,68908,29645,W07000070
"Merthyr Tydfil and Rhymney",51.736301,-3.33204,2916,2074,75190,31262,W07000071
"Blaenau Gwent",51.767601,-3.19175,4011,1835,69792,30409,W07000072
"Bridgend",51.505402,-3.61459,2661,1901,79867,33368,W07000073
"Ogmore",51.566898,-3.54847,2064,1689,74723,31493,W07000074
"Pontypridd",51.565102,-3.34943,2776,1810,80505,33257,W07000075
"Caerphilly",51.612301,-3.22593,3959,1918,86938,35922,W07000076
"Islwyn",51.6567,-3.16896,4117,1927,75440,31541,W07000077
"Vale of Glamorgan",51.420898,-3.3323,4803,2297,97797,40999,W07000078
"Cardiff West",51.493599,-3.23537,3338,1961,91126,38896,W07000079
"Cardiff South and Penarth",51.472301,-3.16343,6804,2677,107387,46875,W07000080
